provinsi;kabupaten;kecamatan;status_kecukupan_mbg_daging_sapi;status_kecukupan_mbg_daging_ayam;status_kecukupan_mbg_telur_ayam;koord_camat;koord_polsek;koord_koramil;jumlah_pendidik_tenaga_pendidikan;jumlah_tenaga_kesehatan;jumlah_posyandu;jumlah_puskesmas;jumlah_kelompok_belajar;jumlah_taman_kanak_kanak;jumlah_siswa_pra_sekolah;jumlah_sd_mi;jumlah_siswa_sd_mi;jumlah_smp_mts;jumlah_siswa_smp_mts;jumlah_sma_ma;jumlah_siswa_sma_ma;jumlah_siswa_slb_disabel;jumlah_santri;jumlah_k1;jumlah_asi_ekslusif;jumlah_ibu_hamil;jumlah_ibu_menyusui;balita_0_4_tahun;permintaan_daging_sapi_mbg;permintaan_daging_ayam_ras_mbg;permintaan_telur_ayam_ras_mbg;populasi_sapi_kerbau;populasi_ayam_ras_pedaging;populasi_ayam_ras_petelur;populasi_ayam_lokal_buras;populasi_itik;populasi_kambing;potensi_produksi_daging_sapi;potensi_produksi_daging_ayam_ras;potensi_produksi_telur_ayam_ras;pemenuhan_potensial_produk_daging_sapi_pemenuhan_mbg;pemenuhan_potensial_produk_daging_ayam_ras_pemenuhan_mbg;pemenuhan_potensial_produk_telur_ayam_ras_pemenuhan_mbg;jumlah_peternak_ayam_ras_pedaging;jumlah_peternak_ayam_ras_petelur;jumlah_peternak_sapi_kerbau;jumlah_peternak_kambing_domba;jumlah_peternak_ayam_lokal_buras;jumlah_peternak_itik;jumlah_rph_tph_r;jumlah_rph_tph_tugas;jumlah_cold_storage_gudang_pendingin;jumlah_gudang_kering
Kalimantan Barat;Bengkayang;bengkayang;tidak_cukup;tidak_cukup;sangat_cukup;1.1020364824146296, 109.44167469892714;0.8428469705203031, 109.48337676061891;0.9865291480562267, 109.48437178743164;851;280;0;17;4;6;602;22;4.375;12;2.230;14;3.231;77;518;5.378;0;0;0;0;67.311,30;83.959,20;102.885,30;861;141.359;25.739;8.268;245;186;24.880,49;8.681,56;383.889,98;36,96%;10,34%;373,12%;0;1;1;0;0;0;2;4;0;0
Kalimantan Barat;Bengkayang;capkala;tidak_cukup;tidak_cukup;sangat_cukup;0.7571451746672484, 109.02552564938458;0.6740042277573243, 109.01596901628844;;253;42;0;0;4;0;62;10;1.073;3;397;1;311;0;0;0;0;0;0;0;3.892,30;5.430,20;5.817,30;27;28.409;568;4.008;120;207;780,22;1.744,74;8.471,56;20,05%;32,13%;145,63%;10;1;0;0;0;0;0;0;0;0
Kalimantan Barat;Bengkayang;jagoi babang;sangat_cukup;tidak_cukup;tidak_cukup;1.3225117576582082, 109.91252128033538;1.331736943919598, 109.87589040766827;1.5091267163365443, 109.87847631970808;514;44;0;0;6;1;219;18;1.847;7;628;4;583;36;0;0;0;0;0;0;8.154,10;11.033,80;11.792,10;259;15.097;0;1.842;344;110;7.484,37;927,18;0;91,79%;8,40%;0,00%;0;0;1;0;0;0;0;1;0;0
Kalimantan Barat;Bengkayang;ledo;tidak_cukup;tidak_cukup;tidak_cukup;1.3632637827511507, 109.55086827994346;1.0460908200914973, 109.60748267640712;1.2082488658832746, 109.60247874524836;483;35;0;0;9;7;291;20;1.594;5;714;2;570;0;0;0;0;0;0;0;8.641,40;11.462,40;12.179,40;103;1.372;28;6.935;126;663;2.976,41;84,26;417,61;34,44%;0,74%;3,43%;0;0;0;0;0;0;0;0;0;0
Kalimantan Barat;Bengkayang;lembah bawang;sangat_cukup;tidak_cukup;tidak_cukup;1.1540189110197674, 109.26728743753422;;;185;48;0;0;1;1;30;8;717;3;268;1;103;0;0;0;0;0;0;0;1.418,50;1.934,20;2.083,50;44;2.470;0;1.594;21;50;1.271,48;151,7;0;89,64%;7,84%;0,00%;0;0;0;0;0;0;0;0;0;0
Kalimantan Barat;Bengkayang;lumar;tidak_cukup;tidak_cukup;tidak_cukup;0.9510461031135042, 109.49232672251486;0.9521882751995571, 109.49320422244325;;237;52;0;0;7;1;214;10;883;2;381;1;176;0;0;0;0;0;0;0;3.751,60;4.628,00;4.866,60;27;15.097;0;519;6;57;780,22;927,18;0;20,80%;20,03%;0,00%;0;1;0;2;0;0;0;1;0;0
Kalimantan Barat;Bengkayang;monterado;sangat_cukup;tidak_cukup;sangat_cukup;0.7577472059252621, 109.14132341462698;0.7757204816322327, 109.13151788399578;;616;50;0;0;13;4;392;24;3.598;8;1.462;3;915;0;0;0;0;0;0;0;13.155,30;17.671,80;18.786,30;1.168;52.152;11.356;4.373;190;1.039;33.751,93;3.202,92;169.371,56;256,57%;18,12%;901,57%;0;0;6;3;0;0;0;1;0;0
Kalimantan Barat;Bengkayang;samalantan;tidak_cukup;tidak_cukup;tidak_cukup;0.8975455681564007, 109.19975531767506;0.8020843391136402, 109.1991618309128;0.9481471855944835, 109.19267377606711;657;221;0;0;17;4;347;23;2.907;8;1.378;5;1221;0;0;0;0;0;0;0;15.981,80;21.994,20;23.440,80;127;16.881;0;3.424;335;483;3.669,94;1.036,75;0;22,96%;4,71%;0,00%;0;0;0;2;0;0;0;2;0;0
Kalimantan Barat;Bengkayang;sanggau ledo;cukup;tidak_cukup;sangat_cukup;1.1409986854117184, 109.69462372882286;1.1589989674130692, 109.69851040143497;1.1449567836729455, 109.69599635688567;487;71;0;0;7;6;382;18;1.781;5;939;4;1.259;0;0;0;0;0;0;0;16.621,30;22.813,40;24.279,30;328;135.183;6.151;4.390;272;3.136;9.478,28;8.302,26;91.740,44;57,02%;36,39%;377,85%;0;0;0;22;0;0;0;3;0;0
Kalimantan Barat;Bengkayang;seluas;cukup;tidak_cukup;tidak_cukup;1.261052346556701, 109.84171451406479;1.2845263482431428, 109.85669752525277;1.4339342660510717, 109.84457581960662;601;57;0;0;6;3;261;23;2.614;7;973;2;506;0;0;0;0;0;0;0;7.748,90;10.260,80;10.920,90;200;5.284;284;5.066;24;632;5.779,44;324,52;4.235,78;74,58%;3,16%;38,79%;0;0;2;13;0;0;0;2;0;0
Kalimantan Barat;Bengkayang;siding;tidak_cukup;tidak_cukup;tidak_cukup;1.4821587695463232, 109.98445767187741;1.2453909181417038, 110.00520735366428;;341;44;0;0;6;1;172;12;828;4;395;2;262;0;0;0;0;0;0;0;4.323,80;5.623,60;5.965,80;16;0;0;1.077;70;1;462,36;0;0;10,69%;0,00%;0,00%;0;0;0;0;0;0;0;0;0;0
Kalimantan Barat;Bengkayang;sungai betung;sangat_cukup;tidak_cukup;tidak_cukup;0.8132400836003424, 109.37511790486137;0.8105628751678148, 109.38922298591318;;336;53;0;0;7;1;183;12;1.332;3;668;2;510;0;0;0;0;0;0;0;7.020,20;9.535,20;10.150,20;565;33.761;0;1.606;53;55;16.326,92;2.073,43;0;232,57%;21,75%;0,00%;0;0;0;0;0;0;0;0;0;0
Kalimantan Barat;Bengkayang;sungai raya;cukup;sangat_cukup;sangat_cukup;0.8805527020259031, 108.93270365142472;0.5749507376590118, 108.92685723013071;0.73432006507926, 108.91800449211328;336;42;0;0;13;2;383;25;2.492;8;1.401;4;784;0;0;0;0;0;0;0;11.715,70;15.590,80;16.565,70;323;4.318.720;392.715;5.084;445;1.522;9.333,80;265.234,19;5.857.234,26;79,67%;1701,22%;35357,60%;0;0;0;4;0;0;0;13;0;0
Kalimantan Barat;Bengkayang;sungai raya kepulauan;cukup;sangat_cukup;sangat_cukup;0.9715564743401913, 108.8922158321435;0.822633934622112, 108.8669230969236;;558;37;0;0;7;3;290;20;2.818;7;1.165;2;837;0;0;0;0;0;0;0;11.436,50;15.565,80;16.576,50;208;1.782.385;5.205;4.097;1.243;1.107;6.010,62;109.465,17;77.631,12;52,56%;703,24%;468,32%;10;3;0;2;0;0;0;27;0;0
Kalimantan Barat;Bengkayang;suti semarang;tidak_cukup;tidak_cukup;cukup;1.1676655203452302, 109.79242324942217;0.8869539661986211, 109.81048544817727;;255;27;0;0;4;2;126;10;672;3;266;1;89;0;0;0;0;0;0;0;2.098,90;2.549,00;2.691,90;6;0;95;1.450;0;0;173,38;0;1.416,90;8,26%;0,00%;52,64%;0;0;0;0;0;0;0;0;0;0
Kalimantan Barat;Bengkayang;teriak;cukup;tidak_cukup;tidak_cukup;1.0238249507247046, 109.60281793397776;0.7636599583183558, 109.54182394190029;;572;58;0;0;17;2;390;23;1.971;5;1.169;2;615;0;0;0;0;0;0;0;9.977,00;13.023,00;13.803,00;240;0;0;5.642;155;40;6.935,33;0;0;69,51%;0,00%;0,00%;0;0;0;0;0;0;0;0;0;0
Kalimantan Barat;Bengkayang;tujuh belas;sangat_cukup;cukup;sangat_cukup;1.389832150876311, 109.72651551749162;-2.8165598589927496, 107.78186202414683;;298;37;0;0;4;9;342;12;1.483;5;687;1;98;0;0;0;0;0;0;0;4.028,80;4.526,00;4.687,80;1.101;37.343;3.785;2.823;256;5.771;31.815,82;2.293,42;56.452,22;789,71%;50,67%;1204,24%;0;0;0;8;0;0;0;0;0;0
Kalimantan Barat;Kapuas Hulu;badau;tidak_cukup;tidak_cukup;tidak_cukup;1.2909930499668216, 111.88238784362902;1.0523889978960026, 111.90572501401607;1.0422674048833611, 111.9008587082053;268;48;0;23;3;2;209;12;1.013;5;610;2;412;0;0;0;0;0;0;0;6.209,60;8.244,40;8.751,60;12;3.307;0;1.453;276;0;346,77;203,1;0;5,58%;2,46%;0,00%;0;0;0;0;0;0;0;0;0;0
Kalimantan Barat;Kapuas Hulu;batang lupar;tidak_cukup;tidak_cukup;sangat_cukup;1.3188700686433485, 112.2572407248763;1.0478690967714763, 112.20330141402843;;228;37;0;0;6;1;119;14;516;2;242;1;191;0;0;0;0;0;0;0;3.153,10;4.109,00;4.382,10;5;19.843;3.377;135;0;0;144,49;1.218,66;50.367,01;4,58%;29,66%;1149,38%;0;3;0;0;0;0;0;0;0;0
Kalimantan Barat;Kapuas Hulu;bika;tidak_cukup;cukup;tidak_cukup;0.8207497102568053, 112.82788019101575;0.8168528657477042, 112.83017828157183;;215;36;0;0;9;1;169;10;537;1;135;1;111;0;0;0;0;0;0;0;2.691,10;3.249,00;3.416,10;1;40.150;0;3.379;65;0;28,9;2.465,81;0;1,07%;75,89%;0,00%;0;0;0;0;0;0;0;0;0;0
Kalimantan Barat;Kapuas Hulu;boyan tanjung;tidak_cukup;tidak_cukup;tidak_cukup;0.48541014289150747, 112.49237295972812;0.485665361870634, 112.49492577830368;;477;59;0;0;10;1;346;21;1.758;6;625;3;351;0;0;0;0;0;0;0;6.815,40;8.563,80;9.044,40;51;47.128;0;129;25;0;1.473,76;2.894,37;0;21,62%;33,80%;0,00%;0;0;0;0;0;0;0;0;0;0
Kalimantan Barat;Kapuas Hulu;bunut hilir;tidak_cukup;tidak_cukup;tidak_cukup;0.7760903641297611, 112.50018680131866;0.7772716053416797, 112.4975513298222;;318;46;0;0;8;1;272;15;916;7;384;3;287;0;0;75;0;0;0;0;5.458,80;6.884,60;7.267,80;6;11.443;0;97;0;0;173,38;702,77;0;3,18%;10,21%;0,00%;0;0;0;0;0;0;0;0;0;0
Kalimantan Barat;Kapuas Hulu;bunut hulu;cukup;cukup;tidak_cukup;0.5130591626394259, 112.65120564633516;0.46437746429942, 112.68101262617648;0.5314470884082161, 112.65657920412426;489;68;0;0;8;2;330;21;1.897;8;669;3;436;0;0;0;0;0;0;0;7.573,50;9.738,40;10.312,50;142;126.071;230;3.838;178;15;4.103,40;7.742,65;3.430,39;54,18%;79,51%;33,26%;0;0;0;0;0;0;0;0;0;0
Kalimantan Barat;Kapuas Hulu;embaloh hilir;tidak_cukup;tidak_cukup;tidak_cukup;0.8288155102859761, 112.59953297070227;0.8385814949890869, 112.60171547412953;;194;28;0;0;4;1;105;11;592;5;295;1;126;0;0;0;0;0;0;0;2.321,50;2.954,40;3.142,50;11;0;0;417;4;0;317,87;0;0;13,69%;0,00%;0,00%;0;0;0;0;0;0;0;0;0;0
Kalimantan Barat;Kapuas Hulu;embaloh hulu;tidak_cukup;tidak_cukup;tidak_cukup;1.147518082340476, 112.37884329413387;1.1504742537569965, 112.3758840334301;;187;31;0;0;4;1;72;13;404;3;237;1;153;0;0;0;0;0;0;0;2.348,80;3.117,00;3.343,80;35;9.260;0;1.281;6;20;1.011,40;568,7;0;43,06%;18,25%;0,00%;0;2;0;0;0;0;0;0;0;0
Kalimantan Barat;Kapuas Hulu;empanang;tidak_cukup;tidak_cukup;sangat_cukup;1.0781297466714224, 111.75191368537699;0.8481911467541468, 111.74606741810516;;212;29;0;0;3;2;113;13;1.069;1;113;1;60;0;0;0;0;0;0;0;1.716,70;2.029,20;2.153,70;0;0;169;486;11;0;0;0;2.520,59;0,00%;0,00%;117,04%;0;0;0;0;0;0;0;0;0;0
Kalimantan Barat;Kapuas Hulu;hulu gurung;tidak_cukup;sangat_cukup;tidak_cukup;0.5984909723397006, 112.29721658880763;0.3698392930884278, 112.30654976297852;;596;67;0;0;17;3;373;22;1.474;11;1.089;5;759;0;0;0;0;0;0;0;11.338,70;15.085,80;16.019,70;68;205.709;0;1.102;23;19;1.965,01;12.633,62;0;17,33%;83,75%;0,00%;1;0;0;0;0;0;0;0;0;0
Kalimantan Barat;Kapuas Hulu;jongkong;tidak_cukup;tidak_cukup;sangat_cukup;0.9319999926874505, 112.28298910134289;0.6635881115070903, 112.28055331888093;;519;49;0;0;12;2;317;18;1.182;6;662;3;575;0;0;0;0;0;0;0;8.892,30;11.733,80;12.447,30;148;1.654;1.013;23;0;7;4.276,79;101,58;15.108,61;48,10%;0,87%;121,38%;0;0;0;0;0;0;0;0;0;0
Kalimantan Barat;Kapuas Hulu;kalis;sangat_cukup;sangat_cukup;tidak_cukup;0.6812241272786759, 112.90336513504165;0.68610913792523, 112.90689381028486;;519;64;0;0;15;1;331;26;1.467;5;582;2;307;0;0;0;0;0;0;0;6.278,90;7.820,20;8.274,90;522;121.044;169;1.947;150;144;15.084,34;7.433,92;2.520,59;240,24%;95,06%;30,46%;0;0;0;0;0;0;0;0;0;0
Kalimantan Barat;Kapuas Hulu;mentebah;sangat_cukup;tidak_cukup;sangat_cukup;0.5336683057041457, 112.78485663890775;0.5337066626464475, 112.78549735791206;;331;47;0;0;8;1;307;14;1.403;3;539;2;321;0;0;0;0;0;0;0;6.098,30;7.690,20;8.106,30;182;99;675;1.769;48;53;5.259,29;6,08;10.067,44;86,24%;0,08%;124,19%;0;0;0;0;0;0;0;0;0;0
Kalimantan Barat;Kapuas Hulu;pengkadan;tidak_cukup;tidak_cukup;tidak_cukup;0.7318028183373088, 112.34085473600662;0.45666838453655445, 112.3791506628191;;359;51;0;0;12;1;237;17;1.016;5;340;1;297;0;0;0;0;0;0;0;5.288,80;6.768,60;7.171,80;8;15.709;34;176;0;12;231,18;964,77;507,1;4,37%;14,25%;7,07%;0;0;0;0;0;0;0;0;0;0
Kalimantan Barat;Kapuas Hulu;puring kencana;tidak_cukup;tidak_cukup;tidak_cukup;0.9734113796907526, 111.61009739322095;0.9887403270711026, 111.60573704209304;;75;20;0;0;1;0;12;9;190;1;64;1;14;0;0;0;0;0;0;0;343,3;424,4;480,3;0;0;0;189;183;0;0;0;0;0,00%;0,00%;0,00%;0;0;0;0;0;0;0;0;0;0
Kalimantan Barat;Kapuas Hulu;putussibau selatan;tidak_cukup;cukup;tidak_cukup;0.8389656184387247, 112.93095214568444;0.8634465900376714, 112.92477907848236;;895;86;0;0;15;1;567;33;2.703;10;1.204;5;1.796;72;636;0;0;0;0;0;23.972,30;32.817,20;35.013,30;231;323.182;0;3.620;457;21;6.675,25;19.848,22;0;27,85%;60,48%;0,00%;2;0;0;0;0;0;1;0;0;0
Kalimantan Barat;Kapuas Hulu;putussibau utara;tidak_cukup;tidak_cukup;tidak_cukup;0.8882775059571618, 112.92928040247936;0.8292926725625744, 112.94237732573305;0.8583424815353593, 112.9255251730726;875;334;0;0;11;6;680;32;3.380;9;1.955;6;1.560;0;0;0;0;0;0;0;22.434,00;30.120,00;31.980,00;281;69.022;0;3.420;136;19;8.120,11;4.238,99;0;36,20%;14,07%;0,00%;4;0;0;0;0;0;1;0;1;0
Kalimantan Barat;Kapuas Hulu;seberuang;tidak_cukup;sangat_cukup;cukup;0.7325069273724045, 112.00829335982635;0.3632991204784143, 111.98552580444942;0.42631022250467393, 112.00477296450556;359;48;0;0;8;1;218;16;1.116;3;537;3;397;0;0;0;0;0;0;0;6.170,70;8.137,00;8.645,70;37;107.551;365;3.037;206;0;1.069,20;6.605,24;5.443,87;17,33%;81,18%;62,97%;0;0;0;0;0;0;0;0;0;0
Kalimantan Barat;Kapuas Hulu;selimbau;sangat_cukup;sangat_cukup;tidak_cukup;0.8654566123500523, 112.10933219439951;0.5974899867138181, 112.12268934370996;0.8583460416847893, 112.9255216174636;549;58;0;0;11;1;281;22;1.464;9;614;2;471;0;0;0;0;0;0;0;7.538,90;9.877,80;10.494,90;1.226;154.117;270;1.631;8;2;35.427,97;9.465,10;4.026,97;469,94%;95,82%;38,37%;0;0;0;0;0;0;0;0;0;0
Kalimantan Barat;Kapuas Hulu;semitau;tidak_cukup;tidak_cukup;sangat_cukup;0.5483428708614616, 111.96813992670047;0.551286117964009, 111.96399906062416;;349;105;0;0;5;2;178;15;1.466;4;789;1;552;0;0;0;0;0;0;0;7.449,70;10.176,00;10.850,70;0;16.867;2.026;872;30;0;0;1.035,89;30.217,22;0,00%;10,18%;278,48%;0;0;0;0;0;0;0;0;0;0
Kalimantan Barat;Kapuas Hulu;silat hilir;tidak_cukup;tidak_cukup;tidak_cukup;0.3433560937075938, 111.79080990417843;0.36393845464987945, 111.95596859624172;;665;55;0;0;7;1;363;32;2.987;6;971;2;462;0;0;0;0;0;0;0;8.238,20;10.548,00;11.200,20;64;9.922;0;816;36;175;1.849,42;609,36;0;22,45%;5,78%;0,00%;0;0;0;0;0;0;0;0;0;0
Kalimantan Barat;Kapuas Hulu;silat hulu;tidak_cukup;tidak_cukup;sangat_cukup;0.5730172775502922, 111.96504327404287;0.2497055538858631, 111.99053528066135;;432;51;0;0;11;1;292;22;1.267;6;611;2;293;0;0;0;0;0;0;0;5.762,30;7.229,00;7.650,30;32;42.994;4.400;1.590;149;0;924,71;2.640,48;65.624,77;16,05%;36,53%;857,81%;0;0;0;0;0;0;0;0;0;0
Kalimantan Barat;Kapuas Hulu;suhaid;tidak_cukup;tidak_cukup;tidak_cukup;0.8522216827201504, 112.02272370503718;0.6120512854833585, 112.00459467149345;;308;50;0;0;8;1;228;14;983;5;502;2;338;0;0;0;0;0;0;0;5.613,20;7.288,40;7.723,20;29;0;0;107;0;0;838,02;0;0;14,93%;0,00%;0,00%;0;0;0;0;0;0;0;0;0;0
Kalimantan Barat;Kayong Utara;kepulauan karimata;tidak_cukup;tidak_cukup;tidak_cukup;-1.3021885369088015, 109.14476691438631;-1.2023378121903825, 109.68023330269196;-1.1489067433760456, 109.68245623768037;182;43;0;11;0;1;28;7;433;4;156;1;12;0;0;0;0;0;0;0;435,7;504;548,7;0;153;0;2.789;0;398;0;9,4;0;0,00%;1,86%;0,00%;0;0;0;0;0;#REF!;0;0;0;0
Kalimantan Barat;Kayong Utara;pulau maya;sangat_cukup;tidak_cukup;tidak_cukup;-1.2119201112115854, 109.67743675657447;-1.2121832926754732, 109.6816708413502;-1.2114635996876315, 109.67957284975283;477;49;0;0;5;6;335;17;1.739;8;792;3;623;0;0;0;0;0;0;0;9.537,00;12.612,20;13.374,00;387;11.110;0;8.464;322;2.713;11.183,22;682,32;0;117,26%;5,41%;0,00%;8;1;1;71;0;0;0;0;0;0
Kalimantan Barat;Kayong Utara;seponti;sangat_cukup;tidak_cukup;tidak_cukup;-0.8910546488231008, 109.85895609328652;;;363;40;0;0;4;4;284;12;1.223;5;509;2;426;0;0;0;0;0;0;0;6.986,60;9.090,00;9.612,60;327;55.473;0;8.877;215;2.009;9.449,38;3.406,87;0;135,25%;37,48%;0,00%;8;0;1;2;0;0;0;0;0;0
Kalimantan Barat;Kayong Utara;simpang hilir;cukup;tidak_cukup;tidak_cukup;-1.0930164196676198, 109.96373912470699;-1.0130870993416283, 109.96144567083442;-1.101420998711269, 109.96011441403833;1.113;73;0;0;10;15;792;36;4.248;16;1.811;6;1.434;0;0;0;0;0;0;0;22.093,80;29.168,40;30.907,80;527;215.060;0;19.487;287;1.013;15.228,82;13.207,91;0;68,93%;45,28%;0,00%;62;1;63;16;0;0;0;0;0;0
Kalimantan Barat;Kayong Utara;sukadana;sangat_cukup;cukup;tidak_cukup;-1.2131746257595948, 109.96838231559913;-1.154098319689373, 109.96628009954918;-1.2337997444016222, 109.95285246045742;803;157;0;0;7;12;686;24;3.441;10;1.643;6;1.495;34;600;0;0;0;0;0;21.717,90;29.073,40;30.859,90;1.200;270.895;0;13.131;877;1.249;34.676,64;16.637,02;0;159,67%;57,22%;0,00%;42;2;165;4;0;0;1;0;0;0
Kalimantan Barat;Kayong Utara;teluk batang;tidak_cukup;tidak_cukup;tidak_cukup;-0.9996596128747228, 109.7751073121207;-0.9330672377188152, 109.77336979625315;;473;87;0;0;5;13;469;21;2.554;8;1.140;5;1.168;0;0;2.204;0;0;0;0;16.429,10;22.178,80;23.558,10;58;119.713;0;4.514;48;694;1.676,04;7.352,17;0;10,20%;33,15%;0,00%;44;0;0;0;0;0;0;0;0;0
Kalimantan Barat;Ketapang;air upas;tidak_cukup;cukup;tidak_cukup;-2.3149701293333127, 110.81750770647109;-2.3094468811730127, 110.8303312363351;;552;52;21;1;7;11;618;24;2.634;5;632;2;477;0;0;0;0;0;0;0;10.453,70;12.825,00;13.457,70;144;133.215;0;7.834;173;25;4.161,20;8.181,40;0;39,81%;63,79%;0,00%;0;1;0;0;0;0;0;0;0;0
Kalimantan Barat;Ketapang;benua kayong;sangat_cukup;sangat_cukup;tidak_cukup;-1.869580695388623, 109.98399186229553;-1.849016961081634, 109.96616320709539;;1.346;60;35;1;15;14;1.047;27;4.842;14;2.830;11;3.929;0;0;0;0;0;0;0;50.343,80;69.625,40;74.068,80;4.223;2.669.664;24;15.826;5.325;459;122.032,88;163.957,41;357,95;242,40%;235,49%;0,48%;4;0;1052;0;0;0;0;0;0;0
Kalimantan Barat;Ketapang;delta pawan;tidak_cukup;tidak_cukup;tidak_cukup;-1.8316021621674246, 109.9785879937186;-1.7985748125130328, 109.99832607157835;-1.7947201034587348, 109.96824646549477;1.935;704;36;3;16;20;2.328;37;9.597;18;5.355;15;5.565;123;4.638;0;0;0;0;0;78.391,20;105.700,20;112.111,20;957;265.501;0;8.371;1.760;552;27.654,62;16.305,74;0;35,28%;15,43%;0,00%;1;0;244;0;0;0;1;0;3;0
Kalimantan Barat;Ketapang;hulu sungai;tidak_cukup;tidak_cukup;tidak_cukup;-1.0484738542508771, 110.76124180526878;;;496;43;23;1;2;0;80;23;1.571;8;470;1;151;0;0;0;0;0;0;0;2.500,00;3.273,40;3.543,00;27;0;0;554;0;0;780,22;0;0;31,21%;0,00%;0,00%;0;0;0;0;0;0;0;0;0;0
Kalimantan Barat;Ketapang;jelai hulu;sangat_cukup;tidak_cukup;tidak_cukup;-2.0625350343357307, 110.865870393134;-2.057710823536312, 110.86962502313827;-2.0596632586043064, 110.87249872691146;604;68;30;1;12;5;418;33;1.923;5;855;2;353;0;0;0;0;0;0;0;7.566,20;9.343,40;9.880,20;431;0;0;8.752;334;25;12.454,69;0;0;164,61%;0,00%;0,00%;0;0;256;0;0;0;0;0;0;0
Kalimantan Barat;Ketapang;kendawangan;sangat_cukup;cukup;tidak_cukup;-2.5147952836660834, 110.1958763219728;-2.514374415817607, 110.19573050671568;-2.5130201944839357, 110.19598196504853;1.344;70;58;1;13;22;1.833;56;7.885;17;2.286;8;1.356;0;0;0;0;0;0;0;30.231,20;36.951,60;38.695,20;845;367.891;0;24.882;1.068;411;24.418,13;22.594,03;0;80,77%;61,14%;0,00%;0;1;280;0;0;0;0;0;0;0
Kalimantan Barat;Ketapang;manis mata;cukup;tidak_cukup;tidak_cukup;-2.450867110962187, 111.02943244840576;-2.4563933622458047, 111.02978896084038;-2.4535770334989766, 111.03007726694473;891;65;33;1;4;11;695;53;3.868;15;1.468;3;621;0;0;0;0;0;0;0;12.918,00;16.037,40;16.959,00;232;97.588;0;2.566;82;12;6.704,15;5.993,37;0;51,90%;37,37%;0,00%;0;0;80;0;0;0;0;0;0;0
Kalimantan Barat;Ketapang;marau;tidak_cukup;tidak_cukup;tidak_cukup;-2.128176173037881, 110.70633239952822;-2.119204464941149, 110.70595892352185;;584;43;28;1;4;6;453;27;2.251;6;824;2;537;0;0;0;0;0;0;0;9.729,20;12.399,00;13.111,20;137;0;0;6.619;82;56;3.958,92;0;0;40,69%;0,00%;0,00%;0;0;37;0;0;0;0;0;0;0
Kalimantan Barat;Ketapang;matan hilir selatan;sangat_cukup;sangat_cukup;tidak_cukup;-2.039326361023535, 110.12459029087593;-2.035748482570762, 110.12340816753819;-1.9901882162475553, 110.11737488057459;1.506;84;37;2;14;16;936;30;3.849;11;1.818;4;1.128;13;0;0;0;0;0;0;20.025,40;25.593,60;26.982,40;2.841;1.137.999;0;19.549;1.891;491;82.096,95;69.890,21;0;409,96%;273,08%;0,00%;0;0;752;0;0;0;0;0;0;0
Kalimantan Barat;Ketapang;matan hilir utara;cukup;cukup;tidak_cukup;-1.4321735828524031, 110.08481999329426;-1.443191609924539, 110.07840250491641;;515;37;19;1;10;4;388;15;2.033;5;785;2;402;0;0;0;0;0;0;0;7.639,70;9.630,00;10.139,70;153;99.137;0;3.750;525;219;4.421,27;6.088,50;0;57,87%;63,22%;0,00%;0;0;213;0;0;0;0;0;0;0
Kalimantan Barat;Ketapang;muara pawan;sangat_cukup;sangat_cukup;tidak_cukup;-1.7227062773388462, 110.0131336611019;-1.6669861729631412, 109.96099446329093;;513;78;18;2;14;8;499;14;1.725;7;806;3;414;0;0;0;0;0;0;0;8.688,60;10.735,20;11.253,60;1.266;257.136;0;7.276;1.198;347;36.583,86;15.792,01;0;421,06%;147,10%;0,00%;0;2;514;0;0;0;0;0;0;0
Kalimantan Barat;Ketapang;nanga tayap;sangat_cukup;tidak_cukup;tidak_cukup;-1.525606913791206, 110.56636902871963;-1.4614571937585548, 110.57074186013602;-1.4472473461421584, 110.5493548345598;1.102;80;41;1;13;12;939;46;4.553;14;1.422;4;734;0;0;0;0;0;0;0;16.081,60;19.743,20;20.757,60;490;0;0;3.057;45;247;14.159,63;0;0;88,05%;0,00%;0,00%;0;0;202;0;0;0;0;0;0;0
Kalimantan Barat;Ketapang;pemahan;cukup;tidak_cukup;tidak_cukup;-1.744033715761665, 110.56978341268393;;;209;39;7;1;5;3;202;8;618;3;235;1;108;0;0;0;0;0;0;0;2.915,80;3.456,00;3.610,80;57;0;0;876;0;44;1.647,14;0;0;56,49%;0,00%;0,00%;0;0;34;0;0;0;0;0;0;0
Kalimantan Barat;Ketapang;sandai;tidak_cukup;tidak_cukup;tidak_cukup;-1.2462492733217514, 110.52672820137069;-1.2460397901069133, 110.52764954085038;;837;80;25;1;13;8;722;29;3.820;11;1.691;5;1.485;0;0;0;0;0;0;0;21.966,80;29.281,80;31.045,80;193;0;0;2.686;0;69;5.577,16;0;0;25,39%;0,00%;0,00%;0;0;0;0;0;0;0;0;0;0
Kalimantan Barat;Ketapang;simpang dua;tidak_cukup;tidak_cukup;tidak_cukup;-0.8078343873751039, 110.35294836403587;-0.7921493456667963, 110.37643150094422;;344;44;11;1;6;3;225;13;1.205;5;468;1;319;0;0;0;0;0;0;0;5.377,00;6.958,60;7.368,00;11;0;0;6.189;101;56;317,87;0;0;5,91%;0,00%;0,00%;0;0;12;0;0;0;0;0;0;0
Kalimantan Barat;Ketapang;simpang hulu;tidak_cukup;tidak_cukup;tidak_cukup;-0.5248476578361556, 110.36809708683803;-0.3688874278353192, 110.36700383757558;-0.24639526507362844, 110.39568400711833;961;74;20;1;13;2;636;40;3.804;12;1.618;3;887;0;0;0;0;0;0;0;15.078,90;19.482,20;20.637,90;212;0;0;11.042;64;139;6.126,21;0;0;40,63%;0,00%;0,00%;0;1;20;0;0;0;0;0;0;0
Kalimantan Barat;Ketapang;singkup;sangat_cukup;tidak_cukup;tidak_cukup;-2.33443303393165, 110.61755611025862;-2.3340009903000283, 110.61944833355504;;349;40;10;1;4;7;393;11;939;4;386;2;295;0;0;0;0;0;0;0;6.516,20;7.976,20;8.350,20;188;21.686;0;6.923;146;68;5.432,67;1.331,85;0;83,37%;16,70%;0,00%;0;0;7;0;0;0;0;0;0;0
Kalimantan Barat;Ketapang;sungai laur;cukup;tidak_cukup;tidak_cukup;-0.9550852313807835, 110.48180542180467;-0.8548296957774217, 110.48335220448148;;593;63;26;1;9;3;493;27;2.150;8;778;1;349;0;0;0;0;0;0;0;8.090,20;9.839,80;10.345,20;211;0;0;14.697;1.390;231;6.097,31;0;0;75,37%;0,00%;0,00%;0;0;90;0;0;0;0;0;0;0
Kalimantan Barat;Ketapang;sungai melayu rayak;cukup;tidak_cukup;tidak_cukup;-1.8922691947164119, 110.49249307510627;-1.7909526460099092, 110.40585444320433;;585;45;13;1;7;10;761;16;2.155;9;763;4;539;0;0;0;0;0;0;0;12.223,90;14.885,00;15.549,90;236;0;0;5.331;68;544;6.819,74;0;0;55,79%;0,00%;0,00%;0;0;74;0;0;0;0;0;0;0
Kalimantan Barat;Ketapang;tumbang titi;sangat_cukup;tidak_cukup;tidak_cukup;-1.8230998131159506, 110.61758381035861;-1.8378591258666395, 110.61894015440927;;837;82;29;1;7;9;491;42;3.110;8;976;3;758;0;0;9.500;0;0;0;0;12.527,40;16.301,60;17.324,40;638;24.784;0;6.767;77;303;18.436,41;1.522,11;0;147,17%;9,34%;0,00%;0;0;108;0;0;0;0;0;0;0
Kalimantan Barat;Kota Pontianak;pontianak barat;tidak_cukup;cukup;tidak_cukup;0.07742129585453858, 109.31399800165578;0.007498899769930785, 109.30800346389847;0.23536081362045602, 109.29696117910778;1.602;359;0;4;23;23;2.247;35;13.044;21;6.007;18;6.891;64;0;0;0;0;0;0;91.615,80;125.416,20;133.217,80;285;1.297.045;305;1.436;0;312;8.235,70;79.658,02;4.548,99;8,99%;63,51%;3,41%;3;0;0;0;0;0;0;0;0;0
Kalimantan Barat;Kota Pontianak;pontianak kota;tidak_cukup;sangat_cukup;tidak_cukup;0.05936431385855162, 109.32312103287715;-0.02864329357052356, 109.29299129674406;;2.120;862;0;4;28;37;2.754;40;16.660;26;8.740;26;6.990;202;6.709;11.295;0;0;0;0;96.974,60;131.259,60;139.330,60;275;2.287.516;305;3.891;0;1.064;7.946,73;140.487,80;4.548,99;8,19%;107,03%;3,26%;1;0;0;0;0;0;0;0;0;0
Kalimantan Barat;Kota Pontianak;pontianak selatan;tidak_cukup;tidak_cukup;tidak_cukup;0.039173439420095914, 109.30267919558999;-0.032053410040003914, 109.33805271636353;0.26142484412578, 109.2971210046512;2.273;401;0;2;19;26;2.060;29;8.591;17;7.298;23;12.490;0;0;0;0;0;0;0;148.776,50;209.998,00;223.867,50;122;0;0;1.179;0;96;3.525,46;0;0;2,37%;0,00%;0,00%;0;0;0;0;0;0;0;0;0;0
Kalimantan Barat;Kota Pontianak;pontianak tenggara;tidak_cukup;tidak_cukup;tidak_cukup;0.03228471641437755, 109.35509187120287;-0.03156575107994849, 109.2904798747994;;1.345;1.121;0;2;13;18;1.610;21;6.882;11;2.866;13;2.723;207;0;0;0;0;0;0;42.349,00;55.710,20;59.007,00;25;0;0;0;0;69;722,43;0;0;1,71%;0,00%;0,00%;0;0;0;0;0;0;0;0;0;0
Kalimantan Barat;Kota Pontianak;pontianak timur;tidak_cukup;sangat_cukup;tidak_cukup;0.06843174787133244, 109.36436515690043;-0.029325334055700144, 109.36403625585808;0.24821854293204287, 109.35047945598205;1.206;246;0;3;27;16;1.751;32;9.511;13;3.847;7;3.183;137;0;0;0;0;0;0;48.472,90;64.110,60;67.892,90;62;1.521.461;0;378;0;69;1.791,63;93.440,53;0;3,70%;145,75%;0,00%;2;0;0;0;0;0;0;0;0;0
Kalimantan Barat;Kota Pontianak;pontianak utara;tidak_cukup;cukup;sangat_cukup;0.08149013539035489, 109.33281522575906;-0.0006751382386259619, 109.36060392889199;0.24830561660805717, 109.3237570928288;1.218;123;0;3;33;25;2.161;54;15.820;32;6.480;25;6.764;0;0;0;0;0;0;0;89.766,40;122.966,00;130.649,40;658;1.577.451;17.100;16.003;17.100;871;19.014,36;96.879,15;255.041,71;21,18%;78,79%;195,21%;29;1;0;0;0;0;1;0;0;0
Kalimantan Barat;Kota Singkawang;singkawang barat;tidak_cukup;tidak_cukup;sangat_cukup;1.1536655289460713, 108.94627999623957;1.1466404208222016, 108.96262378057799;1.2034029860797886, 108.97683700345551;1.477;757;0;0;14;20;1.618;29;8.328;15;3.681;13;4.576;155;4.255;0;0;0;0;0;61.956,70;84.409,60;89.728,70;62;109.907;2.058.701;1.694;554;164;1.791,63;6.749,94;30.704.948,98;2,89%;8,00%;34219,76%;4;6;0;0;0;0;0;2;6;0
Kalimantan Barat;Kota Singkawang;singkawang selatan;sangat_cukup;sangat_cukup;sangat_cukup;1.1276221984615988, 108.9063061831996;0.885738485938385, 108.95616136109052;;1.138;62;0;10;11;15;687;28;6.513;12;3.037;11;2.432;0;0;0;0;0;0;0;31.611,80;43.559,60;46.360,80;1.158;620.470;1.207.715;11.968;929;852;33.462,96;38.106,17;18.012.731,06;105,86%;87,48%;38853,37%;44;57;0;0;0;0;0;2;3;0
Kalimantan Barat;Kota Singkawang;singkawang tengah;cukup;tidak_cukup;tidak_cukup;1.0142820590633395, 108.99475363322094;0.9192421294571304, 108.99753408681896;;1.148;105;0;0;11;16;890;24;7.017;13;4.215;11;4.860;203;0;0;0;0;0;0;58.769,00;82.608,00;88.265,00;1.062;587.535;0;8.390;5.935;635;30.688,83;36.083,46;0;52,22%;43,68%;0,00%;11;0;1;0;0;0;4;10;5;0
Kalimantan Barat;Kota Singkawang;singkawang timur;sangat_cukup;tidak_cukup;sangat_cukup;0.8802937134862026, 109.05249841908599;0.8931558270152609, 109.06403368169377;;505;259;0;0;4;5;307;16;2.791;6;1.360;3;887;0;0;0;0;0;0;0;12.063,30;16.430,60;17.478,30;724;106.181;1.357.505;11.103;757;307;20.921,57;6.521,11;20.246.806,97;173,43%;39,69%;115839,68%;5;19;4;0;0;0;0;1;1;0
Kalimantan Barat;Kota Singkawang;singkawang utara;tidak_cukup;sangat_cukup;sangat_cukup;1.153674613931782, 108.95956227937073;0.9925603358240845, 108.9882318683408;;461;51;0;0;4;6;458;15;3.514;5;1.801;3;931;0;0;3.940;0;0;0;0;13.783,20;18.364,60;19.456,20;226;587.720;46.901;5.144;2.263;2.717;6.530,77;36.094,82;699.515,28;47,38%;196,55%;3595,33%;25;0;0;4;0;0;0;4;1;0
Kalimantan Barat;Kubu Raya;batu ampar;tidak_cukup;cukup;tidak_cukup;-0.6983868429836977, 109.2608217180206;-0.6977260583041553, 109.54553244184092;-0.7474032602324405, 109.53678311355382;430;49;47;3;3;1;226;34;4.154;13;1.708;6;1.287;0;0;0;0;845;837;3.046;15.774,90;22.126,20;23.694,90;168;255.748;0;19.612;205;1.278;4.854,73;15.706,76;0;30,78%;70,99%;0,00%;0;0;0;0;0;0;0;0;1;0
Kalimantan Barat;Kubu Raya;kuala mandor/b;tidak_cukup;tidak_cukup;tidak_cukup;0.07303665563342025, 109.46523369743562;0.01848296341679712, 109.49208772842506;;890;17;33;1;20;3;821;56;3.703;33;1.664;21;1.371;0;0;0;0;613;607;2.196;21.900,90;28.681,80;30.441,90;30;115.442;0;922;2;110;866,92;7.089,87;0;3,96%;24,72%;0,00%;0;0;0;0;0;0;0;0;1;0
Kalimantan Barat;Kubu Raya;kubu;sangat_cukup;tidak_cukup;sangat_cukup;-0.491877631042621, 109.37910812336818;-0.39078468972590613, 109.38524346162667;-0.18308466115018868, 109.34171246769222;1.027;48;39;2;12;6;529;47;4.671;14;1.783;10;1.275;0;0;0;0;940;933;3.356;18.334,60;24.642,60;26.256,60;697;173.316;72.936;39.802;1.286;2.959;20.141,35;10.644,20;1.087.820,02;109,85%;43,19%;4143,03%;0;0;180;231;0;0;0;0;0;0
Kalimantan Barat;Kubu Raya;rasau jaya;sangat_cukup;sangat_cukup;sangat_cukup;0.007033330238899619, 109.35969021468297;-0.22668096047773478, 109.37438477063463;;684;44;21;1;11;3;709;21;3.829;9;1.922;13;2.156;87;0;0;0;607;602;2.163;28.827,10;39.410,00;41.963,10;1.243;842.693;13.539;27.782;2.094;2.919;35.919,22;51.753,99;201.930,39;124,60%;131,32%;481,21%;2;1;0;0;0;0;0;0;0;0
Kalimantan Barat;Kubu Raya;sungai ambawang;tidak_cukup;sangat_cukup;tidak_cukup;0.04136002868554261, 109.41927146810805;-0.014314739412469872, 109.38386759863616;0.24817497807753788, 109.36384301994141;1.450;66;78;3;38;17;2.113;113;12.530;53;6.982;44;5.532;0;0;0;0;1.668;1.655;6.061;77.065,70;104.298,00;110.891,70;153;1.553.869;0;10.637;536;542;4.421,27;95.430,86;0;5,74%;91,50%;0,00%;53;2;41;58;0;0;0;1;7;0
Kalimantan Barat;Kubu Raya;sungai kakap;tidak_cukup;sangat_cukup;sangat_cukup;0.03670825443635101, 109.20859014956737;-0.04401974913692081, 109.18064718394712;0.2618509249476734, 109.16363436845222;1.019;77;78;3;31;28;1.985;75;14.059;45;5.892;30;3.782;0;0;0;0;2.621;2.599;9.328;57.202,50;75.816,80;80.314,50;629;3.138.788;62.236;26.115;5.062;2.602;18.176,34;192.768,67;928.232,51;31,78%;254,26%;1155,75%;10;1;94;100;0;0;1;0;0;0
Kalimantan Barat;Kubu Raya;sungai raya;tidak_cukup;sangat_cukup;sangat_cukup;-0.012868512057555043, 109.4100039144941;-0.12648969227926785, 109.41211937318919;0.10835655617133394, 109.39963182825785;5.689;131;144;4;69;47;5.020;150;26.932;76;12.173;55;9.072;20;13.491;11.003;0;4.826;4.779;17.305;139.054,00;183.676,80;194.351,00;2.083;3.568.402;449.029;24.162;1.654;4.305;60.192,87;219.153,41;6.697.141,81;43,29%;119,31%;3445,90%;14;1;548;286;0;0;2;1;50;4
Kalimantan Barat;Kubu Raya;teluk pakedai;tidak_cukup;cukup;sangat_cukup;-0.31525995496554526, 109.15133542947663;-0.29123513757794833, 109.1506596191414;-0.30524255748334966, 109.15102252079653;485;28;29;1;13;2;520;28;2.190;11;929;7;807;0;0;0;0;479;474;1.725;13.142,50;17.131,80;18.145,50;71;163.823;2.457;3.634;166;347;2.051,70;10.061,19;36.645,47;15,61%;58,73%;201,95%;0;0;0;0;0;0;0;0;0;0
Kalimantan Barat;Kubu Raya;terentang;cukup;tidak_cukup;sangat_cukup;-0.3825693985265603, 109.62933748826178;-0.41291855976066427, 109.63001915505858;-0.37780479092197733, 109.62734036060814;481;53;27;2;8;1;249;23;1.532;8;670;4;605;0;0;0;0;253;251;937;8.689,60;11.684,60;12.453,60;193;73.184;40.945;1.206;111;932;5.577,16;4.494,60;610.683,21;64,18%;38,47%;4903,67%;4;0;100;124;0;0;0;0;0;0
Kalimantan Barat;Landak;air besar;tidak_cukup;tidak_cukup;tidak_cukup;1.033550474615485, 110.1128547353154;0.7547551482408142, 110.10894689601685;;560;86;0;0;8;3;364;37;2.599;5;984;1;320;0;0;0;0;0;0;0;6.807,10;8.429,60;8.948,10;5;0;0;4.530;16;20;144,49;0;0;2,12%;0,00%;0,00%;0;0;7;0;0;0;0;0;0;0
Kalimantan Barat;Landak;banyuke hulu;cukup;tidak_cukup;tidak_cukup;0.9976937838657981, 109.48155117187159;;;328;41;0;0;3;1;127;19;1.441;4;676;1;380;0;0;0;0;0;0;0;5.257,30;7.146,80;7.650,30;109;0;0;2.264;13;53;3.149,79;0;0;59,91%;0,00%;0,00%;0;0;0;0;0;0;0;0;0;0
Kalimantan Barat;Landak;jelimpo;tidak_cukup;tidak_cukup;tidak_cukup;0.41889733381423544, 110.0579301173189;;;596;54;0;0;22;3;544;35;3.244;8;1.310;3;429;0;0;338;0;0;0;0;9.444,60;11.596,20;12.225,60;58;0;0;11.147;262;123;1.676,04;0;0;17,75%;0,00%;0,00%;0;0;0;0;0;0;0;0;0;0
Kalimantan Barat;Landak;kuala behe;cukup;cukup;tidak_cukup;0.8407740434448148, 109.98043284944723;0.5840468938293856, 109.99748123635874;;836;38;0;0;6;3;216;33;2.013;5;484;2;248;0;0;0;0;0;0;0;4.766,90;6.029,60;6.450,90;127;66.630;0;5.304;140;83;3.669,94;4.092,08;0;76,99%;67,87%;0,00%;0;0;0;0;0;0;0;0;0;0
Kalimantan Barat;Landak;mandor;tidak_cukup;tidak_cukup;tidak_cukup;0.5806588938989311, 109.31948131591426;0.32498196180975764, 109.34042861716286;0.5920193654140649, 109.32156840838121;1.557;49;0;0;18;8;806;34;3.776;7;1.792;6;1.547;0;0;0;0;0;0;0;23.376,90;31.002,20;32.856,90;215;182.680;0;23.570;1.866;602;6.212,90;11.219,29;0;26,58%;36,19%;0,00%;1;0;3;0;0;0;0;0;0;0
Kalimantan Barat;Landak;mempawah hulu;cukup;tidak_cukup;tidak_cukup;0.815174917801613, 109.3595443251691;0.5706959444637052, 109.38050302551169;0.552554143045359, 109.37477254315507;1.298;51;0;0;29;8;1.049;46;4.614;16;2.206;8;1.888;0;0;597;0;0;0;0;29.126,60;38.438,80;40.722,60;745;102.791;0;20.508;507;273;21.528,41;6.312,91;0;73,91%;16,42%;0,00%;0;0;0;0;0;0;0;0;0;0
Kalimantan Barat;Landak;menjalin;sangat_cukup;tidak_cukup;sangat_cukup;0.5725606756628905, 109.33990810934826;0.48584462116259836, 109.34069388662536;0.6173038427107965, 109.33736280498206;359;42;0;0;11;5;454;27;2.412;6;1.034;2;761;0;0;283;0;0;0;0;12.089,60;15.857,00;16.815,60;424;8.117;10.576;18.251;759;232;12.252,41;498,51;157.738,08;101,35%;3,14%;938,05%;0;0;0;0;0;0;0;0;0;0
Kalimantan Barat;Landak;menyuke;sangat_cukup;tidak_cukup;tidak_cukup;0.8279923013123237, 109.62853845153373;0.6041581944412582, 109.61962567124637;0.5921335995593487, 109.62639903005655;710;61;0;0;16;2;423;42;2.946;13;1.577;5;1.223;0;0;525;0;0;0;0;16.840,70;22.891,40;24.425,70;537;13.304;0;11.557;617;128;15.517,80;817,07;0;92,14%;3,57%;0,00%;1;0;0;0;0;0;0;0;0;0
Kalimantan Barat;Landak;meranti;tidak_cukup;tidak_cukup;tidak_cukup;0.9715957393156073, 109.73721759063255;0.6736142172002456, 109.73823656197833;;298;36;0;0;1;0;12;17;1.297;3;461;1;386;0;0;151;0;0;0;0;4.333,30;6.249,20;6.750,30;39;0;0;21;0;5;1.126,99;0;0;26,01%;0,00%;0,00%;0;0;0;0;0;0;0;0;0;0
Kalimantan Barat;Landak;ngabang;tidak_cukup;sangat_cukup;tidak_cukup;0.6315847269965276, 109.92607229398895;0.394478898770192, 109.96328264930507;0.6452209991745778, 109.95587378339182;4.036;260;0;16;32;18;1.803;70;9.490;23;5.349;13;5.122;60;725;1116;0;0;0;0;69.674,20;94.864,00;100.873,20;280;2.155.629;0;28.985;551;293;8.091,22;132.387,96;0;11,61%;139,56%;0,00%;2;0;0;0;0;0;1;0;1;0
Kalimantan Barat;Landak;sebangki;tidak_cukup;tidak_cukup;tidak_cukup;0.19721348650810738, 109.60362490221537;0.1391758238331588, 109.586310833986;;419;41;0;0;8;11;622;33;2.559;11;932;11;702;0;0;0;0;0;0;0;12.953,30;16.431,60;17.352,30;102;28.179;0;1.614;23;257;2.947,51;1.730,61;0;22,75%;10,53%;0,00%;0;0;0;0;0;0;0;0;0;0
Kalimantan Barat;Landak;sengah temila;tidak_cukup;tidak_cukup;cukup;0.5539190570052953, 109.64030047724452;0.33177766464234504, 109.67017394715361;0.45737534979511907, 109.66294203483616;890;157;0;0;27;9;928;62;7.052;19;3.394;11;3.201;0;0;0;0;0;0;0;42.067,70;57.834,60;61.634,70;227;83.639;2.459;34.942;1.828;526;6.559,66;5.136,69;36.675,30;15,59%;8,88%;59,50%;2;0;56;0;0;0;0;0;1;0
Kalimantan Barat;Landak;sompak;tidak_cukup;tidak_cukup;tidak_cukup;0.7889877571543696, 109.48029583900181;;;460;44;0;0;10;4;394;14;1.713;3;950;2;744;0;0;180;0;0;0;0;11.270,60;14.935,20;15.816,60;96;2.245;0;10.043;712;200;2.774,13;137,88;0;24,61%;0,92%;0,00%;0;0;45;36;0;0;0;0;0;0
Kalimantan Barat;Melawi;belimbing;sangat_cukup;tidak_cukup;tidak_cukup;-0.30534816762173606, 111.64425984125232;-0.30414211166378324, 111.64285785851533;-0.3047117060748534, 111.64439222637304;3.467;100;0;0;15;9;574;29;2.714;15;1.245;3;693;0;0;0;0;0;0;0;12.405,60;15.841,80;16.734,60;561;11.059;0;15.139;811;350;16.211,33;679,19;0;130,68%;4,29%;0,00%;0;0;0;0;0;0;0;0;0;2
Kalimantan Barat;Melawi;belimbing hulu;sangat_cukup;tidak_cukup;tidak_cukup;-0.393852674114791, 111.55293926873908;;;2.300;43;0;0;6;4;239;12;1.075;4;301;2;165;0;0;0;0;0;0;0;3.868,10;4.692,60;4.928,10;177;853;0;4.883;46;137;5.114,80;52,39;0;132,23%;1,12%;0,00%;0;0;0;0;0;0;0;0;0;0
Kalimantan Barat;Melawi;ella hilir;sangat_cukup;tidak_cukup;tidak_cukup;-0.41186495095692277, 112.00140324437547;-0.4006411246971135, 112.00295805994257;-0.4003992418336884, 112.0032955141461;1.222;46;0;0;14;1;379;31;1.971;8;695;2;462;0;0;0;0;0;0;0;8.362,10;10.670,40;11.318,10;780;5.800;0;9.105;772;33;22.539,82;356,21;0;269,55%;3,34%;0,00%;0;0;0;0;0;0;0;0;0;0
Kalimantan Barat;Melawi;menukung;tidak_cukup;tidak_cukup;tidak_cukup;-0.4188689436168252, 112.22731258470658;-0.4184911867973605, 112.22663740070092;-0.41973494019439567, 112.22911296797862;469;66;0;0;10;2;313;29;1.968;15;891;1;279;0;0;0;0;0;0;0;5.864,20;7.273,80;7.711,20;94;6.140;0;4.329;247;0;2.716,34;377,09;0;46,32%;5,18%;0,00%;0;0;0;0;0;0;0;0;0;0
Kalimantan Barat;Melawi;nanga pinoh;tidak_cukup;tidak_cukup;tidak_cukup;-0.3633746930563223, 111.75715328653611;-0.34585041863013977, 111.74918463933572;-0.3442550575005064, 111.74463912049497;1.114;312;0;11;22;15;1.235;39;6.595;23;3.702;22;4.995;82;603;3.512;0;0;0;0;63.253,00;87.765,00;93.517,00;714;209.638;0;12.987;1.652;443;20.632,60;12.874,92;0;32,62%;14,67%;0,00%;3;0;0;0;0;0;3;0;0;7
Kalimantan Barat;Melawi;pinoh selatan;sangat_cukup;tidak_cukup;tidak_cukup;-0.9039768238404036, 111.5036455864089;-0.9024686981372935, 111.5005319193294;-0.903530609743443, 111.49905973462744;526;46;0;0;12;3;331;21;1.138;7;621;3;382;0;0;0;0;0;0;0;7.014,90;8.915,20;9.429,90;306;3.343;0;3.845;471;75;8.842,54;205,31;0;126,05%;2,30%;0,00%;0;0;0;0;0;0;0;0;0;0
Kalimantan Barat;Melawi;pinoh utara;sangat_cukup;tidak_cukup;tidak_cukup;-0.3284047599004944, 111.74246951266049;;;450;43;0;0;15;1;281;25;1.291;9;521;1;146;0;0;0;0;0;0;0;4.156,90;4.908,80;5.181,90;459;6.048;0;8.815;254;29;13.263,81;371,44;0;319,08%;7,57%;0,00%;0;0;0;0;0;0;0;0;0;0
Kalimantan Barat;Melawi;sayan;sangat_cukup;tidak_cukup;cukup;-0.7203763504719858, 111.67548546479279;-0.7150189289505501, 111.66626201235624;-0.7139642267044329, 111.67578435631663;427;40;0;0;10;2;222;22;1.874;12;717;2;234;0;0;0;0;0;0;0;4.554,80;5.732,40;6.088,80;296;17.395;258;6.010;407;53;8.553,57;1.068,31;3.848,00;187,79%;18,64%;63,20%;0;0;0;0;0;0;0;0;0;0
Kalimantan Barat;Melawi;sokan;sangat_cukup;tidak_cukup;tidak_cukup;-0.9040189305189273, 111.50363734178204;-0.9024686981526889, 111.50051052828128;-0.9035251856960133, 111.49905209180854;398;46;0;0;12;3;426;23;1.923;13;780;3;486;0;0;0;0;0;0;0;8.925,90;11.338,80;11.976,90;788;7.441;0;1.989;38;18;22.770,99;456,99;0;255,11%;4,03%;0,00%;0;0;0;0;0;0;0;0;0;0
Kalimantan Barat;Melawi;tanah pinoh;sangat_cukup;tidak_cukup;tidak_cukup;-0.7929115462869907, 111.54466766630222;-0.7910517204602008, 111.55613750070188;-0.7925088100755732, 111.54337025043665;817;69;0;0;5;7;300;16;1.811;10;1.021;4;807;0;0;0;0;0;0;0;11.165,50;15.139,80;16.099,50;1.072;83.113;0;4.807;630;40;30.977,80;5.104,38;0;277,44%;33,72%;0,00%;0;0;0;0;0;0;0;0;0;1
Kalimantan Barat;Melawi;tanah pinoh barat;sangat_cukup;tidak_cukup;tidak_cukup;-0.6963902611657061, 111.52896315795739;;;471;47;0;0;7;3;373;18;1.517;8;432;1;64;0;0;0;0;0;0;0;3.995,20;4.334,80;4.486,20;407;3.473;0;9.077;326;10;11.761,16;213,29;0;294,38%;4,92%;0,00%;0;0;0;0;0;0;0;0;0;0
Kalimantan Barat;Mempawah;anjongan;tidak_cukup;sangat_cukup;tidak_cukup;0.6330808435252795, 109.146048824527;0.37340523827081595, 109.1664451366235;;495;30;0;14;16;4;622;14;2.462;7;1.325;5;794;0;0;0;203;421;419;1.947;13.713,80;17.620,40;18.556,80;167;798.335;0;6.619;703;392;4.825,83;49.029,74;0;35,19%;278,26%;0,00%;11;1;68;0;0;0;0;0;0;0
Kalimantan Barat;Mempawah;mempawah hilir;sangat_cukup;sangat_cukup;sangat_cukup;0.4602618167014716, 108.94530246351715;0.36152056758988327, 108.95732894628759;0.3653161418522012, 108.95448780343085;1.142;281;0;0;15;4;622;14;2.462;6;1.325;5;794;0;13.038;0;0;0;0;0;13.713,80;17.620,40;18.556,80;498;289.774;1.862;3.065;439;403;14.390,81;17.796,47;27.771,21;104,94%;101,00%;149,66%;3;0;197;0;0;0;1;0;0;1
Kalimantan Barat;Mempawah;mempawah timur;sangat_cukup;sangat_cukup;sangat_cukup;0.6723999462264233, 108.9729214826256;0.32487859968561456, 108.96995533281641;0.3228063420613929, 108.96947842607265;1.043;39;0;0;13;10;823;23;2.794;10;1.209;7;756;0;0;0;0;0;0;0;15.099,70;18.831,60;19.766,70;897;745.290;1.905;4.357;822;707;25.920,79;45.771,99;28.412,54;171,66%;243,06%;143,74%;18;1;253;0;0;0;0;1;0;1
Kalimantan Barat;Mempawah;sadaniang;tidak_cukup;tidak_cukup;tidak_cukup;0.626584515577681, 109.1350217298798;0.5542484110564572, 109.14033570344453;;864;24;0;0;11;5;525;20;592;5;592;2;146;0;0;0;116;232;231;1.118;6.155,00;6.898,40;7.149,00;84;0;0;5.271;213;141;2.427,36;0;0;39,44%;0,00%;0,00%;0;0;17;0;0;0;0;0;0;2
Kalimantan Barat;Mempawah;segedong;tidak_cukup;tidak_cukup;sangat_cukup;0.4637255121933092, 109.17297452467814;0.16184638274890004, 109.19805899793379;;998;27;0;0;7;3;306;17;2.900;6;1.009;3;934;0;0;0;247;517;514;2.373;12.558,90;17.158,00;18.261,90;169;124.485;1.862;8.410;1.339;606;4.883,63;7.645,25;27.771,21;38,89%;44,56%;152,07%;9;3;37;0;0;0;0;0;0;0
Kalimantan Barat;Mempawah;jongkat;tidak_cukup;sangat_cukup;tidak_cukup;0.15849982390644615, 109.18584492800765;0.07739657181046353, 109.20858205788296;0.23491342026666023, 109.19423205140335;769;54;0;0;21;6;949;33;5.737;13;2.281;8;1.308;0;0;0;234;492;489;2.253;22.060,10;28.510,80;30.098,10;323;475.553;991;15.534;900;1.160;9.333,80;29.206,09;14.780,49;42,31%;102,44%;49,11%;19;0;0;0;0;0;0;0;0;4
Kalimantan Barat;Mempawah;sungai kunyit;cukup;sangat_cukup;tidak_cukup;0.9455542544872237, 108.87880917771068;0.5033143208280456, 108.91220777105029;0.5055933564596821, 108.9133236557769;1.237;40;0;0;19;5;780;26;3.010;9;1.172;5;1.085;0;0;0;192;400;398;1.849;18.222,50;23.573,00;24.883,50;467;604.202;0;8.864;1.531;1.071;13.494,99;37.107,07;0;74,06%;157,41%;0,00%;3;0;202;0;0;0;0;0;0;0
Kalimantan Barat;Mempawah;sungai pinyuh;sangat_cukup;sangat_cukup;sangat_cukup;0.3650578189122545, 109.08393997134533;0.281913595489859, 109.08458278936428;0.47736027963345645, 109.08915713995826;1.096;57;0;0;14;24;1.259;47;6.797;24;3.427;11;2.346;0;0;3.940;373;776;771;3.585;35.713,10;47.268,00;50.060,10;995;867.294;65.432;6.669;4.940;2.003;28.752,71;53.264,86;975.899,96;80,51%;112,69%;1949,46%;26;5;241;43;0;0;1;0;0;2
Kalimantan Barat;Mempawah;toho;cukup;sangat_cukup;tidak_cukup;0.5138380351758557, 109.21661684739311;0.41546094978156317, 109.22320129477933;0.41584365814330254, 109.22210900266603;1.026;47;0;0;13;5;621;20;2.461;7;1.100;1;696;0;0;0;101;210;209;972;12.735,40;16.174,80;17.030,40;278;2.439.471;0;23.078;1.474;730;8.033,42;149.820,11;0;63,08%;926,26%;0,00%;16;0;37;6;0;0;0;0;0;0
Kalimantan Barat;Sambas;galing;tidak_cukup;tidak_cukup;cukup;1.8064127747567076, 109.3644859839785;1.5608859436422138, 109.36889502256187;;890;41;0;0;21;5;643;23;3.097;9;1.182;2;611;0;0;0;0;0;0;0;12.060,20;15.086,60;15.862,20;95;84.941;834;9.482;663;729;2.745,23;5.216,65;12.438,88;22,76%;34,58%;78,42%;0;0;0;0;0;0;0;0;0;0
Kalimantan Barat;Sambas;jawai;tidak_cukup;sangat_cukup;cukup;1.5964380192893448, 109.04168360468087;1.3164005966814645, 109.04838433233647;;765;39;0;0;20;3;723;21;5.643;8;2.434;3;1.504;0;0;0;0;0;0;0;22.088,70;29.486,80;31.235,70;90;791.106;1.297;12.615;6.313;1.547;2.600,75;48.585,77;19.344,39;11,77%;164,77%;61,93%;8;0;0;0;0;0;0;0;0;0
Kalimantan Barat;Sambas;jawai selatan;tidak_cukup;sangat_cukup;sangat_cukup;1.3577866077684086, 109.00093670309019;1.2759704231133584, 109.01875634586943;;865;27;0;0;14;1;295;18;2.347;4;793;3;1.004;0;0;0;0;0;0;0;13.212,00;18.155,60;19.341,00;65;255.399;1.249;8.493;2.525;1.060;1.878,32;15.685,33;18.628,49;14,22%;86,39%;96,32%;0;0;0;0;0;0;0;0;0;0
Kalimantan Barat;Sambas;paloh;cukup;tidak_cukup;tidak_cukup;2.015676784547439, 109.34079194976677;1.8099464098758367, 109.36188891946394;;687;59;0;0;13;4;716;23;3.554;11;1.644;4;1.726;0;0;0;0;0;0;0;24.382,90;32.870,80;34.872,90;525;132.212;639;13.994;5.786;1.132;15.171,03;8.119,80;9.530,51;62,22%;24,70%;27,33%;1;0;0;0;0;0;0;0;0;0
Kalimantan Barat;Sambas;pemangkat;tidak_cukup;tidak_cukup;sangat_cukup;1.4400213386259124, 108.97437063995474;1.180990739844619, 108.99175323682655;1.1121810530840215, 108.97609932992631;867;274;0;0;13;11;928;31;5.680;9;2.658;8;3.016;0;0;0;0;0;0;0;39.796,70;54.613,60;58.070,70;152;319.700;12.195;4.702;4.609;1.118;4.392,37;19.634,38;181.885,01;11,04%;35,95%;313,21%;7;0;0;0;0;0;0;0;3;0
Kalimantan Barat;Sambas;sajad;tidak_cukup;tidak_cukup;tidak_cukup;1.6761951057130418, 109.43108809221619;1.4008259546728192, 109.35743856778937;;613;21;0;0;11;1;349;9;1.737;3;554;1;397;0;0;0;0;0;0;0;7.195,60;9.153,40;9.630,60;1;3.123;0;3.466;151;141;28,9;191,8;0;0,40%;2,10%;0,00%;0;0;0;0;0;0;0;0;0;0
Kalimantan Barat;Sambas;sajingan besar;tidak_cukup;tidak_cukup;tidak_cukup;1.8603928109612786, 109.66214005280283;1.6264830998165247, 109.62375832861416;;651;32;0;0;16;1;513;14;1.718;4;686;2;408;0;0;0;0;0;0;0;8.742,20;10.760,40;11.272,20;49;10.378;0;2.826;122;1.289;1.415,96;637,36;0;16,20%;5,92%;0,00%;0;0;0;0;0;0;0;0;0;0
Kalimantan Barat;Sambas;salatiga;tidak_cukup;sangat_cukup;sangat_cukup;1.2087353180672558, 109.0276806242106;;;765;26;0;0;10;0;227;17;2.041;5;901;1;492;0;0;0;0;0;0;0;7.252,30;9.687,60;10.305,30;111;520.130;850;9.914;2.222;894;3.207,59;31.943,78;12.677,51;44,23%;329,74%;123,02%;0;0;0;0;0;0;0;0;0;0
Kalimantan Barat;Sambas;sambas;tidak_cukup;tidak_cukup;sangat_cukup;1.6624626097084674, 109.2828136927971;1.3697957707257145, 109.3000196531495;1.3622514751829633, 109.30765238504002;992;281;0;28;23;15;1.296;38;8.020;14;4.350;13;4.769;134;2.456;9.695;0;0;0;0;61.372,90;84.785,00;90.335,90;393;306.804;6.040;11.081;2.374;712;11.356,60;18.842,37;90.084,91;18,50%;22,22%;99,72%;8;3;0;0;0;0;2;0;0;0
Kalimantan Barat;Sambas;sebawi;tidak_cukup;tidak_cukup;sangat_cukup;1.544863657751188, 109.22828896684702;;;1.139;34;0;0;14;1;355;12;1.587;7;1.302;1;426;0;0;0;0;0;0;0;7.582,00;9.686,40;10.209,00;42;43.454;7.957;6.487;607;399;1.213,68;2.668,73;118.676,43;16,01%;27,55%;1162,47%;2;1;0;0;0;0;0;0;0;0
Kalimantan Barat;Sambas;sejangkung;cukup;cukup;tidak_cukup;1.42676889705865, 109.3227958737522;1.4380031754657376, 109.31849609428205;;434;36;0;0;12;5;469;26;3.083;7;1.021;2;592;0;0;0;0;0;0;0;10.430,60;13.368,40;14.136,60;197;132.383;433;9.626;866;416;5.692,75;8.130,30;6.458,07;54,58%;60,82%;45,68%;0;0;0;0;0;0;0;0;0;0
Kalimantan Barat;Sambas;selakau;tidak_cukup;sangat_cukup;tidak_cukup;1.2837856871317317, 108.94696829232008;1.060427594843133, 108.97339062989641;1.0564239314404935, 108.97404785505145;908;37;0;0;13;2;500;22;4.389;9;2.101;4;946;0;0;0;0;0;0;0;14.368,00;19.032,40;20.172,00;115;312.616;258;10.646;4.744;4.269;3.323,18;19.199,31;3.848,00;23,13%;100,88%;19,08%;2;0;0;0;0;0;0;0;0;0
Kalimantan Barat;Sambas;selakau timur;tidak_cukup;cukup;tidak_cukup;1.1366416926360736, 109.0911207866924;;;590;27;0;0;10;0;285;8;1.633;4;674;1;467;0;0;0;0;0;0;0;7.382,50;9.681,80;10.231,50;48;83.345;37;6.608;3.555;433;1.387,07;5.118,63;551,84;18,79%;52,87%;5,39%;0;0;0;0;0;0;0;0;0;0
Kalimantan Barat;Sambas;semparuk;tidak_cukup;sangat_cukup;sangat_cukup;1.2633463858167706, 109.08287253098501;1.1822018681607414, 109.07237651047082;;318;41;0;0;13;6;600;19;3.059;6;1.931;2;2.171;0;0;0;0;0;0;0;28.037,00;38.701,40;41.175,00;70;884.277;4.003;8.734;2.531;544;2.022,80;54.307,87;59.703,62;7,21%;140,33%;145,00%;3;2;0;0;0;0;0;0;0;0
Kalimantan Barat;Sambas;subah;sangat_cukup;tidak_cukup;sangat_cukup;1.441386917307987, 109.48360851179484;-6.970285914307017, 109.87252913538777;;890;54;0;0;11;8;583;22;2.991;9;1.007;4;416;0;0;0;0;0;0;0;9.500,20;11.567,60;12.124,20;685;54.600;852;3.655;134;712;19.794,58;3.353,26;12.707,34;208,36%;28,99%;104,81%;0;0;0;0;0;0;0;0;0;0
Kalimantan Barat;Sambas;tangaran;sangat_cukup;sangat_cukup;sangat_cukup;1.6407269887879075, 109.15938995385096;-7.404749902753567, 110.51445517145793;;547;29;0;0;13;3;346;18;2.729;6;898;3;201;0;0;0;0;0;0;0;5.208,90;6.217,80;6.519,90;1.275;160.504;894;15.127;5.026;745;36.843,93;9.857,35;13.333,76;707,33%;158,53%;204,51%;0;0;0;0;0;0;0;0;0;0
Kalimantan Barat;Sambas;tebas;tidak_cukup;cukup;sangat_cukup;1.453274991192779, 109.09411096540664;1.222537256795099, 109.14011318484606;1.231053618140432, 109.14859673960846;989;85;0;0;36;11;1.462;62;9.759;23;4.534;8;2.764;0;0;0;0;0;0;0;41.961,80;55.590,40;58.909,80;260;538.613;5.166;21.345;5.111;2.578;7.513,27;33.078,92;77.049,44;17,91%;59,50%;130,79%;4;1;0;0;0;0;2;0;1;0
Kalimantan Barat;Sambas;tekarang;tidak_cukup;sangat_cukup;sangat_cukup;1.5966427875059481, 109.12151166616833;1.2738189279467758, 109.12207159785265;;564;21;0;0;9;1;310;12;1.954;5;953;4;310;0;0;0;0;0;0;0;5.989,00;7.522,00;7.917,00;62;615.675;460;6.988;1.744;508;1.791,63;37.811,68;6.860,77;29,92%;502,68%;86,66%;0;0;0;0;0;0;0;0;0;0
Kalimantan Barat;Sambas;teluk keramat;tidak_cukup;tidak_cukup;tidak_cukup;1.7272162751662492, 109.18904340220763;1.4780046869838233, 109.21674420655714;;468;155;0;0;40;5;1.414;51;7.831;20;3.697;8;3.287;0;0;0;0;0;0;0;46.934,60;63.109,40;66.954,60;734;287.879;661;23.724;5.304;1.870;21.210,54;17.680,09;9.858,63;45,19%;28,01%;14,72%;0;0;0;0;0;0;1;0;0;0
Kalimantan Barat;Sanggau;balai;sangat_cukup;tidak_cukup;tidak_cukup;0.39526943158135924, 110.13221037938021;;0.13918689996526235, 110.09712963414178;589;26;0;1;16;3;294;32;2.791;7;1.318;3;1.151;0;0;0;0;0;0;0;14.894,10;20.579,00;21.989,10;725;84.236;0;16.300;771;133;20.950,47;5.173,35;0;140,66%;25,14%;0,00%;1;0;235;0;0;0;0;0;0;0
Kalimantan Barat;Sanggau;beduai;tidak_cukup;sangat_cukup;tidak_cukup;0.9454393374904194, 110.3922612059466;0.7096041337009319, 110.39337024843086;0.7013223478760559, 110.39022363722934;432;23;0;1;5;1;131;15;1.347;3;639;1;488;0;0;0;0;0;0;0;6.382,90;8.795,60;9.399,90;77;222.326;0;4.402;282;302;2.225,08;13.654,15;0;34,86%;155,24%;0,00%;16;0;15;0;0;0;0;2;0;0
Kalimantan Barat;Sanggau;bonti;tidak_cukup;tidak_cukup;tidak_cukup;0.6826471712299764, 110.55775002258184;0.40505128621395503, 110.53399919076448;;542;27;0;1;22;5;576;27;2.476;7;987;3;498;0;0;0;0;0;0;0;10.353,90;12.831,60;13.500,90;118;29.702;0;9.221;1.046;213;3.409,87;1.824,15;0;32,93%;14,22%;0,00%;1;0;51;0;0;0;0;0;0;0
Kalimantan Barat;Sanggau;entikong;tidak_cukup;sangat_cukup;tidak_cukup;0.9641643045735723, 110.35918555790272;0.9614421995787588, 110.3592392460709;;442;24;28;1;2;12;268;17;2.006;6;818;2;937;0;0;0;0;0;0;0;12.270,20;16.885,00;17.992,20;18;973.831;0;2.110;0;8;520,15;59.807,83;0;4,24%;354,21%;0,00%;0;0;6;0;0;0;0;0;1;0
Kalimantan Barat;Sanggau;jangkang;tidak_cukup;tidak_cukup;tidak_cukup;0.7348396403638632, 110.77862222756455;0.4753903839677631, 110.81798002156151;;782;43;0;1;19;6;483;37;2.749;10;1.192;2;799;0;0;0;0;0;0;0;12.837,20;16.805,80;17.851,20;52;37.760;0;2.927;11;107;1.502,65;2.319,03;0;11,71%;13,80%;0,00%;0;0;13;0;0;0;0;0;0;0
Kalimantan Barat;Sanggau;kapuas;sangat_cukup;tidak_cukup;tidak_cukup;0.40652068004028463, 110.59914276278246;0.12226923398111302, 110.592849436857;0.12030870612631861, 110.58426220320335;1.579;105;0;3;25;21;1.694;73;8.744;25;3.877;10;2.969;45;537;7.680;0;0;0;0;46.180,60;60.828,20;64.467,60;1.953;131.910;0;19.617;1.925;481;56.436,23;8.101,25;0;122,21%;13,32%;0,00%;67;2;311;7;0;0;4;6;0;0
Kalimantan Barat;Sanggau;kembayan;sangat_cukup;tidak_cukup;tidak_cukup;0.8141884407704043, 110.41990744547597;0.5656830791203357, 110.40478070836674;0.5558295256630271, 110.40440836310344;345;34;0;1;21;8;579;30;3.431;9;1.587;4;909;0;0;0;0;0;0;0;14.727,10;19.222,20;20.357,10;430;104.200;0;8.526;917;323;12.425,80;6.399,44;0;84,37%;33,29%;0,00%;29;0;47;0;0;0;0;0;0;0
Kalimantan Barat;Sanggau;meliau;sangat_cukup;tidak_cukup;tidak_cukup;0.1979503961022824, 110.28268087604059;-0.11828172148201752, 110.28714833358471;;765;52;0;2;15;13;827;50;5.453;15;1.852;5;1.279;0;0;0;0;0;0;0;20.906,30;27.243,40;28.875,30;4.497;30.096;600;29.788;438;942;129.950,71;1.848,35;8.948,83;621,59%;6,78%;30,99%;1;0;164;0;0;0;0;0;0;0
Kalimantan Barat;Sanggau;mukok;sangat_cukup;tidak_cukup;tidak_cukup;0.4191094344998276, 110.73736524092163;0.11746448876868909, 110.7687020041041;0.10997457623416654, 110.76801418817486;675;20;0;1;5;4;282;23;2.296;5;915;2;346;0;0;0;0;0;0;0;6.245,30;7.973,20;8.457,30;1.341;12.660;0;10.125;1.265;363;38.751,15;777,51;0;620,48%;9,75%;0,00%;3;0;267;0;0;1;0;0;0;0
Kalimantan Barat;Sanggau;noyan;tidak_cukup;tidak_cukup;tidak_cukup;1.0505708126205933, 110.58561998908496;0.770990839938227, 110.58202196688927;;433;50;0;1;2;1;69;19;1.271;3;429;2;298;0;0;0;0;0;0;0;3.910,10;5.396,80;5.810,10;48;0;0;4.842;165;15;1.387,07;0;0;35,47%;0,00%;0,00%;1;0;3;0;0;0;0;0;0;0
Kalimantan Barat;Sanggau;parindu;cukup;sangat_cukup;tidak_cukup;0.43361903661836687, 110.3923472419777;0.2142310458104146, 110.43517988775963;0.4511873678997701, 110.44813634959789;918;52;0;1;19;8;682;32;3.898;9;1.839;3;1.226;51;0;0;0;0;0;0;18.940,80;24.993,20;26.536,80;333;498.640;0;13.985;562;300;9.622,77;30.623,98;0;50,80%;122,53%;0,00%;46;1;108;0;0;0;0;0;0;0
Kalimantan Barat;Sanggau;sekayam;tidak_cukup;tidak_cukup;tidak_cukup;1.0766686351785362, 110.4195920023937;0.8359491761179865, 110.42841201777928;1.0926320905097324, 110.41005168435606;398;29;0;1;11;8;694;32;4.908;13;2.510;5;1.448;0;0;0;0;0;0;0;21.374,60;28.512,80;30.249,60;71;116.421;0;3.323;875;183;2.051,70;7.150,00;0;9,60%;25,08%;0,00%;5;1;44;0;0;0;0;0;0;0
Kalimantan Barat;Sanggau;tayan hilir;tidak_cukup;tidak_cukup;tidak_cukup;0.07824916428792891, 110.08572324965102;-0.011950074638744429, 110.10587498581603;0.2527305199194735, 110.03770443248959;587;43;0;2;10;9;551;45;4.549;10;1.942;6;1.580;0;0;0;0;0;0;0;21.696,90;29.500,40;31.440,90;369;11.199;0;8.271;95;140;10.663,07;687,79;0;49,15%;2,33%;0,00%;2;0;8;0;0;0;0;0;0;0
Kalimantan Barat;Sanggau;tayan hulu;tidak_cukup;tidak_cukup;tidak_cukup;0.526031747244592, 110.21426052749324;0.29377113034250196, 110.23723076134542;0.580331007853603, 110.24392429331253;987;31;0;1;6;13;531;31;4.234;9;1.868;7;1.529;0;0;0;0;0;0;0;20.847,40;28.379,00;30.200,40;67;41.875;159;12.038;143;173;1.936,11;2.571,75;2.371,44;9,29%;9,06%;7,85%;9;0;25;0;0;0;0;0;0;0
Kalimantan Barat;Sanggau;toba;tidak_cukup;tidak_cukup;tidak_cukup;0.05523544410427235, 110.03659390082225;-0.2388118338743553, 110.10412933075398;-0.24401015285176597, 110.10133030754385;789;26;0;1;12;2;320;21;2.260;4;862;1;311;0;0;0;0;0;0;0;6.175,00;7.729,40;8.166,00;28;35.058;0;3.530;246;29;809,12;2.153,09;0;13,10%;27,86%;0,00%;3;1;1;0;0;0;0;0;1;0
Kalimantan Barat;Sekadau;belitang;sangat_cukup;tidak_cukup;tidak_cukup;0.22976483410444257, 111.20818209104242;0.14123989433154568, 111.23230859596356;;543;32;0;0;6;8;326;11;1.540;4;740;2;372;0;0;0;0;0;0;0;6.761,90;8.599,20;9.057,90;466;65.870;0;756;0;125;13.466,10;4.045,41;0;199,15%;47,04%;0,00%;0;0;1;0;0;0;0;0;0;0
Kalimantan Barat;Sekadau;belitang hilir;sangat_cukup;sangat_cukup;tidak_cukup;0.3914955543505501, 111.04244531720579;0.11794772559184388, 111.06632095701984;;400;27;0;0;16;2;524;29;2.814;6;1.044;2;698;0;0;0;0;0;0;0;12.037,10;15.498,80;16.397,10;689;222.086;0;12.651;0;254;19.910,17;13.639,41;0;165,41%;88,00%;0,00%;1;0;2;0;0;0;0;0;0;0
Kalimantan Barat;Sekadau;belitang hulu;tidak_cukup;tidak_cukup;tidak_cukup;0.45300389373587285, 111.22122499452371;0.43876990094040724, 111.20374680907544;;690;87;0;0;12;1;384;33;2.340;7;911;4;621;0;0;0;0;0;0;0;10.096,60;13.185,00;14.016,60;44;0;0;2.805;0;8;1.271,48;0;0;12,59%;0,00%;0,00%;0;0;1;0;0;0;0;0;0;0
Kalimantan Barat;Sekadau;nanga mahap;sangat_cukup;tidak_cukup;tidak_cukup;-0.42598707895198534, 110.7593784372766;-0.4233701489495522, 110.7585768261004;-0.26113602489854015, 110.74092261999598;768;33;0;0;21;2;695;31;3.194;10;1.252;2;664;0;0;0;0;0;0;0;13.137,50;16.435,60;17.305,50;681;16.485;0;3.966;711;250;19.678,99;1.012,43;0;149,79%;6,16%;0,00%;0;0;7;0;0;0;0;2;0;0
Kalimantan Barat;Sekadau;nanga taman;sangat_cukup;tidak_cukup;tidak_cukup;-0.2662917938025093, 110.81884181605211;-0.2575290928050266, 110.81545657028089;-0.2662321836348948, 110.82077760092864;988;53;0;0;18;3;493;36;3.052;10;1.327;3;823;0;0;0;0;0;0;0;13.163,70;17.247,40;18.314,70;695;16.917;0;16.434;775;227;20.083,55;1.038,96;0;152,57%;6,02%;0,00%;0;1;9;0;0;0;0;0;0;0
Kalimantan Barat;Sekadau;sekadau hilir;sangat_cukup;sangat_cukup;tidak_cukup;0.09439949058409347, 110.88030758877149;0.0282879593156745, 110.88892809709523;0.30474685783093414, 110.87720064853436;579;163;0;0;30;18;1.322;60;8.700;19;4.067;18;4.679;51;629;0;0;0;0;0;60.882,30;83.881,40;89.349,30;2.826;1.699.260;0;29.158;3.371;1.131;81.663,49;104.360,05;0;134,13%;124,41%;0,00%;6;2;41;8;0;0;2;11;0;0
Kalimantan Barat;Sekadau;sekadau hulu;sangat_cukup;tidak_cukup;tidak_cukup;0.12889078087561506, 110.83533851039824;-0.12902908206460956, 110.8745474537431;;675;60;0;12;26;4;649;40;3.462;13;1.368;4;762;0;0;3.263;0;0;0;0;13.876,60;17.666,40;18.684,60;1.557;119.142;0;22.767;713;656;44.992,94;7.317,11;0;324,24%;41,42%;0,00%;0;3;1;1;0;0;0;0;0;0
Kalimantan Barat;Sintang;ambalau;tidak_cukup;tidak_cukup;tidak_cukup;-0.24545194852986543, 112.71240211282297;-0.24530651926849786, 112.71318627490074;;909;43;0;0;1;2;57;28;1.572;6;711;2;331;0;0;132;0;362;0;0;4.250,30;5.912,20;6.402,30;10;16.991;0;210;0;2;288,97;1.043,50;0;6,80%;17,65%;0,00%;0;0;0;0;0;0;0;0;0;0
Kalimantan Barat;Sintang;binjai hulu;cukup;sangat_cukup;tidak_cukup;0.20210365446209594, 111.48027974754736;0.2062017530601234, 111.44914312748605;;400;49;0;0;3;9;376;13;1.655;5;646;3;358;0;0;271;0;322;0;0;7.056,90;8.827,60;9.279,90;181;242.648;0;10.831;314;218;5.230,39;14.902,23;0;74,12%;168,81%;0,00%;2;0;150;0;0;0;0;0;0;0
Kalimantan Barat;Sintang;dedai;sangat_cukup;sangat_cukup;tidak_cukup;0.20275664849834282, 111.65104719789578;-0.06483700210667197, 111.67633533769056;;845;105;0;0;8;9;393;28;3.223;8;1.534;3;372;0;0;859;0;1236;0;0;7.504,20;9.366,00;9.901,20;1.311;667.256;200;2.723;149;297;37.884,23;40.979,53;2.982,94;504,84%;437,53%;30,13%;3;1;162;2;0;1;0;0;0;0
Kalimantan Barat;Sintang;kayan hilir;tidak_cukup;cukup;tidak_cukup;0.2141420706095277, 111.93620945203128;-0.10898326182974234, 111.9185330111009;;961;74;0;0;11;4;381;35;3.230;10;1.344;4;744;0;0;317;0;421;0;0;11.383,90;15.078,00;16.053,90;34;125.306;0;9.298;353;16;982,5;7.695,67;0;8,63%;51,04%;0,00%;1;1;121;0;0;0;0;0;0;0
Kalimantan Barat;Sintang;kayan hulu;tidak_cukup;sangat_cukup;tidak_cukup;0.1465793916706707, 112.07995115479814;1.7924802794700807, 114.89919887144251;;920;62;0;0;3;5;126;33;2.648;8;998;2;435;0;0;220;0;617;0;0;5.974,40;8.153,40;8.780,40;62;541.100;0;13.231;279;5;1.791,63;33.231,66;0;29,99%;407,58%;0,00%;0;0;2;1;0;0;0;0;0;0
Kalimantan Barat;Sintang;kelam permai;tidak_cukup;cukup;sangat_cukup;0.057617267481066055, 111.6415581224498;0.05979160823756321, 111.64865477351506;;585;74;0;0;5;2;174;19;2.151;6;970;3;1.530;0;0;242;0;363;0;0;17.729,10;25.251,60;27.020,10;96;273.869;3.041;3.242;146;102;2.774,13;16.819,66;45.355,66;15,65%;66,61%;167,86%;12;1;8;0;0;0;0;0;0;0
Kalimantan Barat;Sintang;ketungau hilir;tidak_cukup;tidak_cukup;tidak_cukup;0.6271384357349452, 111.65108096624053;0.3602720808833594, 111.61452617407545;;796;80;0;0;4;3;176;44;3.341;10;993;4;287;0;0;450;0;490;0;0;4.957,90;6.426,20;6.939,90;45;45.503;0;7.402;10;69;1.300,37;2.794,57;0;26,23%;43,49%;0,00%;0;0;2;0;0;0;0;0;0;0
Kalimantan Barat;Sintang;ketungau hulu;tidak_cukup;tidak_cukup;tidak_cukup;1.156317737330957, 111.05596074996677;0.9076857955528259, 111.02953879176717;;760;79;0;0;1;10;232;35;3.001;10;1.155;4;537;0;0;471;0;471;0;0;7.958,80;10.638,60;11.386,80;0;60.158;0;8.166;707;8;0;3.694,60;0;0,00%;34,73%;0,00%;2;0;0;0;0;0;0;0;0;0
Kalimantan Barat;Sintang;ketungau tengah;tidak_cukup;tidak_cukup;tidak_cukup;0.9719253138359414, 111.51077967235321;0.6891688824030613, 111.51519091724597;;1.239;92;0;0;1;12;305;63;4.311;14;1.893;6;1.407;0;0;528;0;655;0;0;18.003,00;24.985,80;26.817,00;0;148.669;0;557;0;0;0;9.130,51;0;0,00%;36,54%;0,00%;2;0;0;0;0;0;0;0;0;0
Kalimantan Barat;Sintang;sepauk;sangat_cukup;cukup;sangat_cukup;0.32430396503432224, 111.24178625575647;0.06128740407538053, 111.2083206673987;;1.340;108;0;0;6;24;738;50;6.747;15;2.460;5;1.442;0;0;689;0;1.319;0;0;21.870,20;29.006,00;30.817,20;1.125;361.477;36.000;39.647;1.448;696;32.509,35;22.200,11;536.929,92;148,65%;76,54%;1742,31%;6;1;169;0;0;2;0;0;0;0
Kalimantan Barat;Sintang;serawai;cukup;sangat_cukup;tidak_cukup;-0.3302358490308962, 112.43760523466149;-0.3293018580225737, 112.43633407007356;;490;53;0;0;1;3;102;29;2.975;10;1.296;2;798;0;0;238;0;615;0;0;9.542,30;13.494,00;14.502,30;233;604.231;134;2.810;34;30;6.733,05;37.108,85;1.998,57;70,56%;275,00%;13,78%;0;1;0;0;0;0;0;0;0;0
Kalimantan Barat;Sintang;sintang;tidak_cukup;tidak_cukup;tidak_cukup;0.06471921734979567, 111.49666812037538;0.09036318517434243, 111.48032872816125;;6.749;577;0;20;12;41;2.069;44;10.694;21;5.782;21;8.600;109;2.046;1438;0;1445;0;0;108.162,60;150.347,60;160.114,60;257;184.084;4.850;11.931;945;268;7.426,58;11.305,52;72.336,39;6,87%;7,52%;45,18%;7;4;92;0;0;0;1;0;1;1
Kalimantan Barat;Sintang;sungai tebelian;sangat_cukup;sangat_cukup;tidak_cukup;0.21747419040345256, 111.41129412343815;-0.018545843873010913, 111.44945974491122;;4.500;71;0;0;14;17;763;38;4.541;14;2.322;11;1.802;0;0;552;0;694;0;0;25.740,20;34.616,00;36.769,20;844;1.950.584;0;25.698;4.341;1.229;24.389,24;119.795,12;0;94,75%;346,07%;0,00%;7;0;290;0;0;0;0;0;0;0
Kalimantan Barat;Sintang;tempunak;sangat_cukup;sangat_cukup;tidak_cukup;0.0462715114820872, 111.3805877509836;0.04663887316076215, 111.3824195469292;;5.689;100;0;0;6;18;561;27;3.525;10;1.750;3;499;0;0;463;0;640;0;0;10.238,40;12.721,00;13.391,40;311;211.428;0;25.574;874;501;8.987,03;12.984,85;0;87,78%;102,07%;0,00%;0;0;127;1;0;1;0;0;0;0
