<?xml version="1.0" encoding="UTF-8"?>
<metadata xml:lang="en"><Esri><CreaDate>20211118</CreaDate><CreaTime>14090600</CreaTime><ArcGISFormat>1.0</ArcGISFormat><SyncOnce>TRUE</SyncOnce><DataProperties><itemProps><itemLocation><linkage Sync="TRUE">file://\\DESKTOP-NJJGT30\D$\PETA PERENCANAAN GEOSPASIAL CS\PETA AKSESIBILITAS\commondata\hasil_survey\Desa_Sebunga</linkage><protocol Sync="TRUE">Local Area Network</protocol></itemLocation></itemProps><copyHistory><copy source="D:\LEMLIT\TITIK SAMBAS\Hasil Survey\Desa_Sebunga" dest="\\DESKTOP-NJJGT30\D$\PETA PERENCANAAN GEOSPASIAL CS\PETA AKSESIBILITAS\commondata\hasil_survey\Desa_Sebunga" date="20211113" time="10521600"></copy></copyHistory></DataProperties></Esri></metadata>
